Feature,Coefficient,Absolute
numerical__tenure,-1.2410146420214108,1.2410146420214108
categorical__Contract_Two year,-0.7730038580586547,0.7730038580586547
categorical__InternetService_DSL,-0.6526398838478034,0.6526398838478034
categorical__InternetService_Fiber optic,0.6401845184735035,0.6401845184735035
numerical__MonthlyCharges,-0.5963790777334048,0.5963790777334048
categorical__Contract_Month-to-month,0.5798533043978911,0.5798533043978911
numerical__TotalCharges,0.5162802030379366,0.5162802030379366
categorical__PaperlessBilling_No,-0.3430883442491593,0.3430883442491593
categorical__DeviceProtection_No internet service,-0.30106363406805575,0.30106363406805575
categorical__InternetService_No,-0.30106363406805575,0.30106363406805575
categorical__OnlineSecurity_No internet service,-0.30106363406805575,0.30106363406805575
categorical__TechSupport_No internet service,-0.30106363406805575,0.30106363406805575
categorical__StreamingTV_No internet service,-0.30106363406805575,0.30106363406805575
categorical__OnlineBackup_No internet service,-0.30106363406805575,0.30106363406805575
categorical__StreamingMovies_No internet service,-0.30106363406805575,0.30106363406805575
categorical__MultipleLines_No,-0.27815468329320436,0.27815468329320436
categorical__Dependents_Yes,-0.2702499718166781,0.2702499718166781
categorical__StreamingMovies_No,-0.21660048284752784,0.21660048284752784
categorical__StreamingTV_No,-0.21604656342243683,0.21604656342243683
categorical__PaymentMethod_Credit card (automatic),-0.21532231378090386,0.21532231378090386
categorical__StreamingMovies_Yes,0.20414511747321468,0.20414511747321468
categorical__StreamingTV_Yes,0.2035911980481247,0.2035911980481247
categorical__PaymentMethod_Electronic check,0.19838243791530213,0.19838243791530213
categorical__PaymentMethod_Bank transfer (automatic),-0.1861611010061377,0.1861611010061377
categorical__PhoneService_Yes,-0.1720683855325213,0.1720683855325213
categorical__OnlineSecurity_Yes,-0.16928655832689224,0.16928655832689224
categorical__Partner_No,-0.16800735293256347,0.16800735293256347
categorical__gender_Female,-0.16775749693783762,0.16775749693783762
categorical__OnlineSecurity_No,0.15683119295258857,0.15683119295258857
categorical__gender_Male,-0.14576150250452305,0.14576150250452305
categorical__Partner_Yes,-0.1455116465098078,0.1455116465098078
categorical__TechSupport_Yes,-0.14452883964225055,0.14452883964225055
categorical__PhoneService_No,-0.14145061390985295,0.14145061390985295
categorical__MultipleLines_No phone service,-0.14145061390985295,0.14145061390985295
categorical__TechSupport_No,0.13207347426794863,0.13207347426794863
categorical__Contract_One year,-0.1203684457816135,0.1203684457816135
categorical__PaymentMethod_Mailed check,-0.11041802257063245,0.11041802257063245
categorical__MultipleLines_Yes,0.10608629776068547,0.10608629776068547
numerical__SeniorCitizen,0.05414942461559048,0.05414942461559048
categorical__OnlineBackup_Yes,-0.04532941913325246,0.04532941913325246
categorical__Dependents_No,-0.043269027625695435,0.043269027625695435
categorical__DeviceProtection_No,-0.03478738605528845,0.03478738605528845
categorical__OnlineBackup_No,0.032874053758944186,0.032874053758944186
categorical__PaperlessBilling_Yes,0.029569344806791277,0.029569344806791277
categorical__DeviceProtection_Yes,0.022332020680979687,0.022332020680979687
